email,password,username,phone,cpostal,dni
pharetra.sed.hendrerit@google.org,Xufcbpnl19,Rptlm,683649817,34165,73464363W
feugiat.metus@aol.ca,Bttyffgv93,Fzkmz,920542255,32354,44277144U
egestas.ligula.nullam@icloud.couk,Edvejlhg42,Gtuoh,915009564,37271,07374883L
eleifend@aol.net,Bwsavfts41,Xvofp,982037227,94531,81979641Q
lobortis.class@outlook.org,Jsrvckms44,Qyvst,948353526,34750,22621973O
gravida@aol.net,Xmxmkwnq38,Drtlh,672151770,15140,75387588J
dui.nec@google.com,Hhsobgnk07,Ehjib,635585777,47592,76148365F
eget.dictum.placerat@hotmail.edu,Rxphxkbf86,Nwusj,628464024,85518,78465423L
et@protonmail.net,Rsnsyuul38,Siaeh,916263388,46122,05485827J
aliquam.erat@protonmail.couk,Ldhcntcw51,Pogjj,686430741,69443,65515123W
tincidunt.vehicula.risus@protonmail.edu,Yizdsqeg12,Hlplw,936246131,14450,43177259H
dolor.sit.amet@icloud.ca,Jvzeosmd79,Fbxbq,647855659,49563,48789156C
nam.ligula@aol.com,Smihgyyc35,Bcjko,984481738,41113,57684347F
purus.gravida@google.org,Vlexaenw66,Zqkmu,644653861,23045,28487975V
risus.odio@icloud.com,Xwqwvkeu74,Uhhgr,676386784,17131,58482144V
fames.ac@protonmail.com,Fjfopxyn94,Yblsc,674684284,88801,78783243L
varius.nam.porttitor@icloud.couk,Vlccvspu52,Wiaqf,675023387,46463,56166143B
cursus.a@google.couk,Yexanxpq82,Jqchq,942956326,87843,86844541W
per@aol.ca,Kwonbqfk32,Qcinc,991748251,38054,38123265I
odio.nam@aol.edu,Uvyeiwzx64,Lyejm,947177473,86980,81053265S
porttitor.interdum@protonmail.ca,Qfbbtfkz64,Lomfp,678447432,06890,26264609X
aliquam@icloud.com,Rckneufl26,Tzmcd,643924569,78775,81447223E
nascetur.ridiculus@hotmail.ca,Mffrdrbn57,Fcunx,626358781,22311,31705377C
nullam.enim.sed@aol.net,Mdvqyxru49,Mbemd,911053352,70731,87809459Q
sodales@google.net,Wxqocivp68,Whgnc,953362572,11368,87068754O
luctus@hotmail.org,Pvsxobrf02,Ngmhp,671069744,53388,75872012A
senectus.et@aol.couk,Mnesbufj87,Spalx,692316681,64481,86083688J
et.pede@yahoo.edu,Tqgubfui29,Sopmr,942442783,74329,76491842T
nec.mauris@hotmail.couk,Xcwgiujg95,Filam,637682779,46498,23292945S
interdum.feugiat@protonmail.edu,Obulusrd45,Stmwj,608224128,86661,23691318L
velit.quisque@yahoo.com,Qpsijbfv51,Yyvhp,624867665,44234,75503344C
nunc.quisque@google.com,Wwbymkwj63,Darxh,988132947,87138,33154057G
eu.augue@aol.couk,Kaigtwzm69,Igwdc,646152526,51833,14642532C
cras.lorem@outlook.ca,Dtwvemrp30,Llltr,631475229,98853,10084879R
porttitor.vulputate.posuere@protonmail.couk,Jeckvvqg05,Gouur,977642202,31150,41878471C
nunc.sed.pede@outlook.ca,Bmtrfwuh10,Mheje,981840357,27347,95051132K
curabitur.massa@outlook.org,Cpmllsgm85,Erqjj,646184918,86154,73838141J
proin@outlook.edu,Qcjaudjs91,Jjleb,662766298,55290,32431735R
mollis.dui.in@hotmail.ca,Foqljtsj07,Oojnl,942578706,72234,17831148T
enim@google.com,Jjkqimur76,Pnkbm,916685382,52884,39744363T
lectus.convallis@yahoo.ca,Wujmndlc51,Uoekn,643894352,40414,16384821M
nulla.tincidunt.neque@aol.couk,Qyvsobcv48,Rtrfo,647283861,66653,84807967G
lacus@yahoo.edu,Uoxweqtp44,Pjmbv,618124252,21944,43195365Y
sed.neque@google.couk,Dgbuudxk74,Bcszd,657816614,18671,28538148G
morbi.accumsan@protonmail.couk,Hgntsysw51,Iluig,612646772,83803,33757922F
enim@protonmail.ca,Atkqowfv42,Chtqf,663419215,82322,91220809Z
lobortis.risus.in@yahoo.couk,Vsdggolf88,Etbbx,692244142,88532,74680356V
et.lacinia@hotmail.org,Qonzoton06,Ncvph,952823598,08723,73977174X
ad.litora@hotmail.org,Tojsiqcv56,Ywmry,612718215,55105,19783477T
ac.nulla@protonmail.org,Dldwbkyb62,Gqvwp,933086457,25726,18377410F
vel.convallis@protonmail.org,Jhwibdlt54,Jfyvs,923013134,74777,18437363O
ac.mattis.semper@aol.org,Olefuxcq46,Ukmre,947522848,81902,28335382E
adipiscing@aol.net,Hquzgusb36,Xqnti,961514688,09937,78715534M
nulla.integer.urna@outlook.org,Czknqyyc15,Ofkpw,946723252,64943,41444020C
gravida.nunc@yahoo.couk,Mcbsxbfk31,Gmgnc,961167048,87921,17634287M
nibh.dolor@hotmail.edu,Trfvpskc14,Roskm,951866855,21723,86543465P
sed@protonmail.edu,Pegvtzdu79,Pxsyf,925830895,31933,42533438U
sit.amet.ornare@google.org,Iegeygbk88,Admcw,621568392,58884,40261825O
vivamus.rhoncus@protonmail.org,Yoybusil73,Liwif,949657714,55285,84798133M
at@google.couk,Ipibhfgj42,Pqety,656488307,37752,75126158H
diam.proin@aol.couk,Goqjmfvg40,Bgigq,637783397,62718,37476526Y
vulputate.eu@icloud.couk,Kugnoobj05,Htqau,617463544,16280,20849774E
bibendum.ullamcorper@outlook.edu,Egcheavy94,Wxyyr,974356204,30697,49082427C
dolor.dolor@icloud.net,Bsmnlldu67,Uiitd,940604224,74213,86541577C
quisque.ac@icloud.com,Klybxhwj72,Svmfd,990121176,28841,14658822L
ornare.elit.elit@hotmail.edu,Lllfnnou35,Byhej,642188382,22821,52133165P
eget.tincidunt.dui@yahoo.net,Uosrikgt41,Hoydm,947861485,25773,75817676T
mattis.ornare@hotmail.org,Kjgcvkjw83,Afksf,638260071,13324,15758195J
pellentesque.tincidunt.tempus@google.com,Ahittrym37,Eznbg,972480321,56263,84612949T
scelerisque.sed@hotmail.net,Gjvpjnsz43,Cqjyu,941389813,34338,03288232L
malesuada.vel.convallis@icloud.ca,Ckilhwxc09,Hfgyh,695106862,23721,03487748M
etiam.gravida@outlook.net,Cinexxyl91,Gspvw,615445422,48541,48953717B
cursus.non@protonmail.net,Fmbmmczl88,Wobhn,625538863,03112,72745527Q
sit.amet@icloud.net,Nozwhqkc75,Tvkkg,978821535,51436,38762861H
duis.ac.arcu@hotmail.org,Bmdmdeww30,Kucvz,665081215,69555,76242531O
scelerisque@outlook.org,Lrlflpqh93,Ygdvn,614564355,57147,67638815E
lectus@outlook.net,Pjoscwvu96,Egnpv,972164152,16675,69706620N
tincidunt.dui@outlook.net,Skygecek25,Sgrcj,681736177,67500,99811455D
purus.accumsan@google.couk,Mqxttftg17,Frlzv,954828632,15367,85630465A
lacinia.mattis@protonmail.ca,Khpgnwhx83,Rpqop,944732577,82410,46523115H
suspendisse.sagittis.nullam@google.couk,Okszjdbc48,Fdgmq,969634892,22287,23587858X
nunc.sed@yahoo.com,Odwugyvx67,Rgsxi,637276826,36598,21663891I
dignissim.magna@yahoo.com,Poeclexs49,Ngkgt,666638129,57146,22178427L
eu.tellus@google.org,Cpqifvfg62,Bdqyq,694884760,93285,46784631C
netus@hotmail.edu,Vygbqkxj40,Xrvbw,952382335,68882,11185233N
et.malesuada@yahoo.edu,Xrdprink42,Ulqrn,957655213,17665,57816654T
eu.dui@aol.ca,Swjrpigq48,Ejhfq,655896196,21467,96329259V
nec.malesuada.ut@aol.com,Qdosxnpz15,Ugdjd,902410137,76638,88775823P
ipsum.cursus.vestibulum@aol.com,Hjdytrch35,Fpkbl,983416817,72015,89106461Y
natoque.penatibus@outlook.com,Gdhsjvpu30,Csacj,678963768,91357,41367977C
quisque.tincidunt@hotmail.couk,Alotxggk11,Csjif,672416160,33770,24583604Z
nulla.tempor@hotmail.org,Zlybjhcb73,Sslmq,907551176,64859,14023235U
risus.donec@hotmail.ca,Bggexzhw11,Vuzsr,693306225,14813,13227707W
non.bibendum@icloud.com,Kvpfotzp16,Ptbvi,624712251,52070,47604772P
euismod@protonmail.ca,Gjliymmx51,Ceybe,950742152,28621,17562688M
inceptos.hymenaeos@aol.edu,Hesphlms83,Kjvyp,915054278,86735,55572022C
tortor.nunc@google.com,Efgyquvr24,Rncqi,692447003,42737,50715816U
tristique.aliquet@icloud.couk,Hnyjayyg49,Nqdoz,678257562,87252,00831812L
dolor.sit@icloud.couk,Nsudxxbn66,Dtktw,652537133,37965,89291257S
ipsum.curabitur.consequat@protonmail.com,Bsadhuzo46,Iaehx,975897632,59414,80687104U
